Party,Name,Branch,Username,ids
Republican,Pete Sessions,House,PeteSessions,24735461
Democratic,Debbie Dingell,House,RepDebDingell,2970279814
Democratic,Pramila Jayapal,House,RepJayapal,815733290955112448
Republican,Rob Wittman,House,RobWittman,15356407
Democratic,Chellie Pingree,House,chelliepingree,14984637
Democratic,Jon Tester,Senate,SenatorTester,515822213
Democratic,Sheila Cherfilus-McCormick,House,CongresswomanSC,1484252226646421505
Republican,Mike Rounds,Senate,SenatorRounds,2955485182
Democratic,Jahana Hayes,House,RepJahanaHayes,1082086081238102018
Democratic,Tom O'Halleran,House,RepOHalleran,808416682972770304
Republican,Glenn Thompson,House,CongressmanGT,18967498
Republican,Lloyd Smucker,House,RepSmucker,41417564
Democratic,Stephen F. Lynch,House,RepLynch,130901013
Republican,Alex Mooney,House,RepAlexMooney,2964526557
Democratic,Marcy Kaptur,House,RepMarcyKaptur,581141508
Republican,Tom Emmer,House,RepTomEmmer,2914515430
Republican,Jim Inhofe,Senate,JimInhofe,7270292
Republican,Greg Murphy,House,RepGregMurphy,1173978070535024642
Democratic,Tammy Duckworth,Senate,SenDuckworth,1058520120
Democratic,Susie Lee,House,RepSusieLee,1079061579973439488
Democratic,Richard Neal,House,RepRichardNeal,442824717
Republican,Trent Kelly,House,RepTrentKelly,3317799825
Democratic,Elizabeth Warren,Senate,SenWarren,970207298
Democratic,Al Green,House,RepAlGreen,156333623
Democratic,Sheila Jackson Lee,House,JacksonLeeTX18,80612021
Democratic,Marie Newman,House,RepMarieNewman,1343578440977494018
Republican,Steve Chabot,House,RepSteveChabot,237750442
Democratic,James Langevin,House,JimLangevin,18909919
Republican,Morgan Griffith,House,RepMGriffith,234057152
Republican,David Rouzer,House,RepDavidRouzer,834069080
Republican,Andrew Clyde,House,Rep_Clyde,1357017361568694274
Democratic,Kathy Castor,House,USRepKCastor,1880674038
Democratic,Alexandria Ocasio-Cortez,House,AOC,138203134
Republican,Tom Reed,House,TomReedNY23,252819323
Democratic,Mazie Hirono,Senate,maziehirono,92186819
Republican,Bob Latta,House,Boblatta,15394954
Democratic,Pete Aguilar,House,RepPeteAguilar,3018670151
Democratic,Kathleen Rice,House,RepKathleenRice,2970462034
Republican,Neal Dunn,House,DrNealDunnFL2,815952318487298048
Republican,Brett Guthrie,House,RepGuthrie,1908143071
Democratic,Katherine Clark,House,RepKClark,2293131060
Democratic,Mark Kelly,Senate,SenMarkKelly,1324926274888888320
Democratic,Norma Torres,House,NormaJTorres,236279233
Democratic,Ayanna Pressley,House,RepPressley,1080584229510172678
Democratic,Bonnie Watson Coleman,House,RepBonnie,2968451607
Democratic,Jim Costa,House,RepJimCosta,245451804
Republican,Kelly Armstrong,House,Armstrong_ND,964996994623311874
Republican,Andrew Garbarino,House,RepGarbarino,1344349650447433729
Democratic,Patty Murray,Senate,PattyMurray,293131808
Democratic,Dan Kildee,House,RepDanKildee,1045110018
Democratic,Sara Jacobs,House,RepSaraJacobs,1345103905869455361
Democratic,Suzan DelBene,House,RepDelBene,995193054
Republican,William Timmons,House,RepTimmons,1079770852302958592
Democratic,Nanette Barragán,House,RepBarragan,816833925456789505
Democratic,Debbie Stabenow,Senate,SenStabenow,76456274
Republican,Jackie Walorski,House,RepWalorski,1065995022
Republican,Ronny Jackson,House,RepRonnyJackson,1341903465610686464
Democratic,Joe Neguse,House,RepJoeNeguse,1078749802765139968
Republican,Garret Graves,House,RepGarretGraves,2951574214
Republican,Joni Ernst,Senate,SenJoniErnst,2856787757
Democratic,Raúl Grijalva,House,RepRaulGrijalva,28602948
Republican,Mario Díaz-Balart,House,MarioDBCamp,374816353
Democratic,Steven Horsford,House,RepHorsford,389840566
Republican,Tim Scott,Senate,SenatorTimScott,217543151
Republican,John Hoeven,Senate,SenJohnHoeven,382791093
Republican,Rob Portman,Senate,Senrobportman,18915145
Democratic,Dwight Evans,House,RepDwightEvans,90639372
Republican,Tom Rice,House,RepTomRice,1058345042
Democratic,Sean Patrick Maloney,House,RepSeanMaloney,1072467470
Democratic,Bobby Rush,House,RepBobbyRush,305216911
Democratic,Brendan Boyle,House,RepBrendanBoyle,231108733
Democratic,Sylvia Garcia,House,RepSylviaGarcia,1080587263132733442
Republican,Kevin Brady,House,RepKevinBrady,19926675
Democratic,Carolyn Maloney,House,RepMaloney,258900199
Republican,Guy Reschenthaler,House,Reschenthaler,477223342
Democratic,Dutch Ruppersberger,House,Call_Me_Dutch,305620929
Republican,Bill Johnson,House,RepBillJohnson,211530910
Republican,Rick W. Allen,House,RepRickAllen,2964287128
Democratic,Jan Schakowsky,House,RepSchakowsky,85896319
Democratic,Haley Stevens,House,RepHaleyStevens,1076161611033968640
Democratic,Steve Cohen,House,RepCohen,162069635
Republican,Tony Gonzales,House,RepTonyGonzales,1343627416120532992
Republican,John Kennedy,Senate,SenJohnKennedy,816683274076614656
Democratic,Kweisi Mfume,House,RepKweisiMfume,1276209702322438148
Republican,Fred Keller,House,RepFredKeller,1136060761422405633
Republican,Steve Daines,Senate,SteveDaines,11651202
Republican,John Cornyn,Senate,JohnCornyn,13218102
Republican,Rodney Davis,House,RodneyDavis,993153006
Republican,Richard Hudson,House,RepRichHudson,935033864
Democratic,Bob Menendez,Senate,SenatorMenendez,18695134
Republican,Dan Meuser,House,RepMeuser,1080574793630527505
Democratic,Rashida Tlaib,House,RashidaTlaib,435331179
Republican,Steve Womack,House,rep_stevewomack,234469322
Democratic,Rick Larsen,House,RepRickLarsen,404132211
Republican,Jerry Carl,House,RepJerryCarl,1341091420439015424
Democratic,Emanuel Cleaver,House,Repcleaver,163570705
Republican,Marsha Blackburn,Senate,MarshaBlackburn,278145569
Democratic,Ann Kirkpatrick,House,Ann_Kirkpatrick,272004287
Republican,Bill Cassidy,Senate,SenBillCassidy,1017500185356853248
Democratic,Grace Meng,House,RepGraceMeng,1051127714
Republican,Steven Palazzo,House,CongPalazzo,299883942
Democratic,Brian Higgins,House,RepBrianHiggins,33576489
Democratic,Al Lawson,House,RepAlLawsonJr,818472418620608512
Republican,Ben Sasse,Senate,SenSasse,2962923040
Republican,Tom Cole,House,TomColeOK04,23124635
Independent,Angus King,Senate,SenAngusKing,1068481578
Democratic,Paul Tonko,House,RepPaulTonko,84119348
Republican,Tom Cotton,Senate,SenTomCotton,968650362
Republican,Scott Perry,House,RepScottPerry,18773159
Republican,Ken Buck,House,RepKenBuck,2862577383
Republican,James Lankford,Senate,SenatorLankford,225921757
Democratic,Joaquin Castro,House,JoaquinCastrotx,231510077
Republican,Bill Huizenga,House,RepHuizenga,233949261
Republican,David Kustoff,House,SenatorWicker,264219447
Republican,Jeff Van Drew,House,JoyceWhiteVance,548384458
Democratic,Maggie Hassan,Senate,SenatorHassan,946549322
Republican,Roger Wicker,Senate,SenatorWicker,264219447
Republican,Josh Hawley,Senate,SenHawleyPress,1080960924687704064
Republican,Michelle Fischbach,House,RepFischbach,1344375287484723205
Democratic,Mark Pocan,House,RepMarkPocan,1206227149
Democratic,John Hickenlooper,Senate,SenatorHick,1318728336923787264
Democratic,Jim Clyburn,House,JimClyburnSC1,914086647851085824
Democratic,Shontel Brown,House,RepShontelBrown,1456381091598700556
Republican,Brad Wenstrup,House,Repbradwenstrup,518644221
Republican,Fred Upton,House,RepFredUpton,124224165
Democratic,Eddie Bernice Johnson,House,RepEBJ,168502762
Democratic,Chuck Schumer,Senate,SenSchumer,17494010
Democratic,Joe Manchin,Senate,Sen_JoeManchin,234374703
Democratic,Danny K. Davis,House,RepDannyDavis,789244177
Democratic,Joseph Morelle,House,RepJoeMorelle,1064595993222615040
Republican,Beth Van Duyne,House,RepBethVanDuyne,1339633259349745670
Democratic,Nancy Pelosi,House,SpeakerPelosi,15764644
Republican,John Joyce,House,RepJohnJoyce,1082311988926124036
Democratic,Michael Bennet,Senate,SenatorBennet,224285242
Republican,Mike Turner,House,RepMikeTurner,51228911
Republican,Jodey Arrington,House,RepArrington,816284664658874368
Republican,Chris Stewart,House,RepChrisStewart,1072008757
Democratic,Chris Murphy,Senate,ChrisMurphyCT,150078976
Democratic,Barbara Lee,House,RepBarbaraLee,248735463
Republican,Billy Long,House,USRepLong,1444015610
Republican,Mike Kelly,House,MikeKellyPA,935368364
Democratic,Sanford Bishop,House,SanfordBishop,249410485
Republican,Burgess Owens,House,RepBurgessOwens,1344481217685692416
Republican,Randy Feenstra,House,RandyFeenstra,23764160
Republican,Ron Estes,House,RepRonEstes,854715071116849157
Democratic,Abigail Spanberger,House,RepSpanberger,1078771401497161728
Republican,Vern Buchanan,House,VernBuchanan,20467163
Republican,Bruce Westerman,House,RepWesterman,2852998461
Republican,Michael Waltz,House,Michaelgwaltz,833673914
Republican,John Katko,House,RepJohnKatko,2966765501
Democratic,Chris Van Hollen,Senate,ChrisVanHollen,18137749
Democratic,Brenda Lawrence,House,RepLawrence,2863006655
Democratic,Kirsten Gillibrand,Senate,SenGillibrand,72198806
Democratic,Val Demings,House,RepValDemings,798973032362606600
Republican,John Rutherford,House,Rutherford_Inst,68758400
Republican,Pat Fallon,House,RepPatFallon,1343258042704527362
Democratic,Marc Veasey,House,RepVeasey,1074129612
Republican,Darin LaHood,House,RepLaHood,3686482216
Republican,Paul Gosar,House,RepGosar,240760644
Republican,David Valadao,House,RepDavidValadao,1128514404
Democratic,Julia Brownley,House,RepBrownley,1243902714
Democratic,David Scott,House,Repdavidscott,168673083
Democratic,Jack Reed,Senate,SenJackReed,486694111
Republican,Steve Scalise,House,SteveScalise,1209417007
Democratic,Frank J. Mrvan,House,RepMrvan,1346205046036377601
Democratic,Ann McLane Kuster,House,RepAnnieKuster,1058717720
Republican,Carol Miller,House,RepCarolMiller,1081318716573470720
Democratic,Cori Bush,House,CoriBush,4696552878
Democratic,Gerry Connolly,House,GerryConnolly,78445977
Democratic,John Garamendi,House,RepGaramendi,88806753
Republican,Kevin Hern,House,Repkevinhern,1067818539179024386
Republican,Tim Burchett,House,RepTimBurchett,1028854804087492613
Republican,Greg Steube,House,RepGregSteube,1083125649609506816
Democratic,Brian Schatz,Senate,SenBrianSchatz,1262099252
Republican,Mike Garcia,House,RepMikeGarcia,1262531473057423361
Democratic,Catherine Cortez Masto,Senate,SenCortezMasto,811313565760163844
Democratic,Tom Malinowski,House,RepMalinowski,1080898026418384897
Republican,Ashley Hinson,House,RepAshleyHinson,1340783304304410625
Democratic,Jacky Rosen,Senate,SenJackyRosen,818554054309715969
Democratic,Filemon Vela Jr.,House,RepFilemonVela,1083448909
Republican,Troy Nehls,House,RepTroyNehls,1347318288850825217
Republican,Louie Gohmert,House,LouieGohmertTX1,4827594804
Democratic,Lisa Blunt Rochester,House,RepLBR,817050219007328258
Republican,August Pfluger,House,RepPfluger,1341120751399809026
Republican,Warren Davidson,House,WarrenDavidson,742735530287304704
Democratic,Troy Carter,House,RepTroyCarter,1352760304271241218
Republican,Cliff Bentz,House,RepBentz,1345788865911656454
Democratic,Frederica Wilson,House,RepWilson,234014087
Democratic,Conor Lamb,House,ConorLambPA,855240223432769538
Democratic,Linda Sánchez,House,RepLindaSanchez,312134473
Democratic,Peter Welch,House,PeterWelch,1410590874
Democratic,Patrick Leahy,Senate,SenatorLeahy,242836537
Republican,Ben Cline,House,RepBenCline,1072158357237174272
Republican,Bryan Steil,House,RepBryanSteil,1075205691621720064
Democratic,John Yarmuth,House,RepJohnYarmuth,384913290
Republican,John Barrasso,Senate,SenJohnBarrasso,202206694
Republican,Pete Stauber,House,RepPeteStauber,1075830599007510535
Democratic,Jim Cooper,House,Repjimcooper,22523087
Republican,Cynthia Lummis,Senate,CynthiaMLummis,1136711154435207168
Republican,Rand Paul,Senate,RandPaul,216881337
Republican,Robert Aderholt,House,Robert_Aderholt,76452765
Democratic,Peter DeFazio,House,RepPeterDeFazio,252249233
Democratic,Alex Padilla,Senate,SenAlexPadilla,1351236267707654145
Republican,Brian Fitzpatrick,House,RepBrianFitz,816303263586914304
Democratic,Mike Thompson,House,RepThompson,303861808
Democratic,Ben Ray Luján,Senate,SenatorLujan,19318314
Democratic,Martin Heinrich,Senate,MartinHeinrich,1099199839
Democratic,Mark DeSaulnier,House,RepDeSaulnier,2968007206
Democratic,Ami Bera,House,RepBera,950783972
Democratic,Sheldon Whitehouse,Senate,SenWhitehouse,242555999
Democratic,Madeleine Dean,House,RepDean,567508925
Democratic,Jeff Merkley,Senate,SenJeffMerkley,29201047
Democratic,Kyrsten Sinema,Senate,SenatorSinema,1080844782
Republican,James Comer,House,RepJamesComer,1274852794206388225
Democratic,Joyce Beatty,House,RepBeatty,1531521632
Democratic,Brad Sherman,House,BradSherman,30216513
Republican,Ted Cruz,Senate,SenTedCruz,1074480192
Democratic,Darren Soto,House,RepDarrenSoto,818713465653051392
Democratic,Anthony G. Brown,House,RepAnthonyBrown,823552974253342721
Republican,Tom Tiffany,House,RepTiffany,1267841066335682562
Republican,Van Taylor,House,RepVanTaylor,1075040139351597056
Democratic,Betty McCollum,House,BettyMcCollum04,516880804
Republican,Markwayne Mullin,House,RepMullin,1060370282
Republican,Barry Moore,House,RepBarryMoore,1339006078688825344
Republican,David Schweikert,House,RepDavid,229197216
Republican,Scott Fitzgerald,House,RepFitzgerald,1004891731
Republican,Nancy Mace,House,RepNancyMace,1343597700542038017
Republican,Mike Lee,Senate,SenMikeLee,88784440
Democratic,Mike Quigley,House,RepMikeQuigley,56864092
Democratic,Earl Blumenauer,House,repblumenauer,15954997
Republican,Mike Rogers,House,RepMikeRogersAL,33977070
Republican,Trey Hollingsworth,House,RepTrey,811986281177772032
Democratic,Bobby Scott,House,BobbyScott,161791703
Republican,Bob Good,House,RepBobGood,1345536897838436353
Democratic,Elaine Luria,House,RepElaineLuria,1080292515939565568
Republican,Daniel Webster,House,RepWebster,281540744
Democratic,Thomas Suozzi,House,RepTomSuozzi,816705409486618624
Democratic,Jake Auchincloss,House,RepAuchincloss,1330278736554582016
Republican,Ralph Norman,House,RepRalphNorman,880480631108644864
Democratic,Lucy McBath,House,RepLucyMcBath,1082380458976051202
Democratic,Eric Swalwell,House,RepSwalwell,942156122
Democratic,Suzanne Bonamici,House,RepBonamici,558769636
Democratic,Richard Blumenthal,Senate,SenBlumenthal,278124059
Democratic,Josh Gottheimer,House,RepJoshG,815310506596691968
Democratic,Mark Warner,Senate,MarkWarner,7429102
Republican,John Carter,House,JudgeCarter,18030431
Republican,Troy Balderson,House,RepBalderson,1037341536592310272
VACANT,VACANT,House,RepAdamSchiff,29501253
Democratic,Rosa DeLauro,House,Rosadelauro,140519774
Democratic,Ed Markey,Senate,SenMarkey,21406834
Republican,Richard Shelby,Senate,SenShelby,21111098
Democratic,Jared Golden,House,RepGolden,1080891667308298240
Republican,Debbie Lesko,House,RepDLesko,996094929733652481
Democratic,Sherrod Brown,Senate,SenSherrodBrown,43910797
Republican,Ted Budd,House,TedBuddNC,720353279176081408
Democratic,Ilhan Omar,House,IlhanMN,783792992
Democratic,Veronica Escobar,House,RepEscobar,1075517806551154689
Democratic,Alma Adams,House,RepAdams,2916086925
Democratic,Lauren Underwood,House,RepUnderwood,1080539438508400642
Democratic,Angie Craig,House,RepAngieCraig,1080222360643485698
Democratic,Brad Schneider,House,RepSchneider,1071840474
Democratic,Cindy Axne,House,RepCindyAxne,1080865917377097728
Democratic,Scott Peters,House,RepScottPeters,1135486501
Democratic,Tom Carper,Senate,SenatorCarper,249787913
Democratic,Lori Trahan,House,RepLoriTrahan,1079802482640019456
Democratic,Maria Cantwell,Senate,SenatorCantwell,117501995
Republican,David McKinley,House,RepMcKinley,240427862
Republican,John Moolenaar,House,RepMoolenaar,2696643955
Republican,Mark E. Green,House,RepMarkGreen,1080477288955826176
Democratic,Sean Casten,House,RepCasten,1083472286089396224
Republican,Patrick McHenry,House,PatrickMcHenry,27676828
Republican,Don Bacon,House,RepDonBacon,818975124460335106
Democratic,Dean Phillips,House,RepDeanPhillips,1061310112013434882
Democratic,Vicente Gonzalez,House,RepGonzalez,818536152588238849
Democratic,Lucille Roybal-Allard,House,RepRoybalAllard,479872233
Democratic,Kurt Schrader,House,RepSchrader,20545793
Republican,Madison Cawthorn,House,RepCawthorn,1344007696555663360
Republican,Doug LaMalfa,House,RepLaMalfa,1069124515
Republican,Jody Hice,House,JodyHice,130003817
Democratic,Charlie Crist,House,CharlieCrist,38970940
Republican,French Hill,House,RepFrenchHill,2953974395
Republican,Michael Cloud,House,RepCloudTX,1039879658400112640
Republican,Gus Bilirakis,House,RepGusBilirakis,26051676
Republican,Jeff Fortenberry,House,JeffFortenberry,18805303
Republican,Doug Lamborn,House,RepDLamborn,584012853
Democratic,David Price,House,RepDavidEPrice,155669457
Democratic,Ben Cardin,Senate,SenatorCardin,109071031
Republican,Jim Risch,Senate,SenatorRisch,1096059529
Democratic,Nydia Velázquez,House,NydiaVelazquez,164369297
Republican,Victoria Spartz,House,RepSpartz,1344845201479663621
Republican,Glenn Grothman,House,RepGrothman,2976606250
Democratic,Ron Kind,House,RepRonKind,112740986
Democratic,Ed Perlmutter,House,RepPerlmutter,20552026
Republican,Blaine Luetkemeyer,House,RepBlaine,1849261916
Republican,Peter Meijer,House,RepMeijer,1334164871420796928
Republican,Jim Jordan,House,Jim_Jordan,18166778
Republican,Thomas Massie,House,RepThomasMassie,975200486
Republican,Susan Collins,Senate,SenatorCollins,19726613
Republican,Andy Biggs,House,RepAndyBiggsAZ,816652616625168388
Republican,Lance Gooden,House,RepBobbyRush,305216911
Democratic,Jimmy Gomez,House,RepJimmyGomez,2371339658
Republican,Young Kim,House,RepYoungKim,1344677401465397249
Republican,Darrell Issa,House,DarrellIssa,22509548
Democratic,Jerry McNerney,House,RepMcNerney,385429543
Republican,Clay Higgins,House,RepClayHiggins,843636970538618880
Republican,Liz Cheney,House,RepLizCheney,816719802328715264
Democratic,Ruben Gallego,House,RubenGallego,49217025
Democratic,Katie Porter,House,RepKatiePorter,1081222837459996672
Democratic,Jerry Nadler,House,RepJerryNadler,40302336
Republican,Drew Ferguson,House,RepDrewFerguson,806583915012046854
Democratic,Frank Pallone,House,FrankPallone,31801993
Democratic,Donald Norcross,House,DonNorcross4NJ,2340948996
Republican,Chris Jacobs,House,RepJacobs,1276232539510919168
Republican,Jaime Herrera Beutler,House,HerreraBeutler,242926427
Republican,Shelley Moore Capito,Senate,SenCapito,193794406
Democratic,Hank Johnson,House,RepHankJohnson,24745957
Democratic,Bob Casey Jr.,Senate,SenBobCasey,171598736
Democratic,Grace Napolitano,House,Gracenapolitano,161411080
Republican,Adrian Smith,House,RepAdrianSmith,296245061
Democratic,Lou Correa,House,RepLouCorrea,815985039485837312
Democratic,Hakeem Jeffries,House,RepJeffries,467823431
Independent,Bernie Sanders,Senate,SenSanders,29442313
Democratic,Adriano Espaillat,House,RepEspaillat,817076257770835968
Republican,Nicole Malliotakis,House,NMalliotakis,757862089
Democratic,Bill Foster,House,RepBillFoster,1080509366
Republican,Greg Pence,House,RepGregPence,1082369392229400576
Democratic,Lloyd Doggett,House,LloydDoggettTX,170111219
Democratic,Robin Kelly,House,RepRobinKelly,1339931490
Democratic,Tim Ryan,House,RepTimRyan,13491312
Democratic,Henry Cuellar,House,RepCuellar,210926192
Republican,Claudia Tenney,House,RepTenney,797201048490430465
Republican,Todd Young,Senate,SenToddYoung,234128524
Democratic,Jim McGovern,House,RepMcGovern,242426145
Democratic,Jennifer Wexton,House,RepWexton,1017819745880543238
Democratic,Tony Cárdenas,House,RepCardenas,1222257180
Democratic,Deborah Ross,House,RepDeborahRoss,1348683154815655940
Republican,Stephanie Bice,House,RepBice,1344260196227555334
Republican,Rick Crawford,House,RepRickCrawford,233693291
Republican,Dan Newhouse,House,RepNewhouse,2930635215
Democratic,Jared Huffman,House,RepHuffman,1071102246
Republican,Roy Blunt,Senate,RoyBlunt,21269970
Republican,Mariannette Miller-Meeks,House,RepMMM,1345807954604412929
Republican,Lindsey Graham,Senate,LindseyGrahamSC,432895323
Democratic,Melanie Stansbury,House,Rep_Stansbury,1404519992582942724
Republican,Michael C. Burgess,House,Michaelcburgess,15751083
Republican,Ann Wagner,House,RepAnnWagner,1051446626
Democratic,Colin Allred,House,RepColinAllred,1078355119920562176
Republican,Scott Franklin,House,RepFranklin,1343664721384398849
Republican,Joe Wilson,House,RepJoeWilson,254082173
Republican,Dan Sullivan,Senate,SenDanSullivan,2891210047
Republican,Matt Rosendale,House,RepRosendale,1344751420139040783
Democratic,Donald McEachin,House,RepMcEachin,816181091673448448
Republican,Yvette Herrell,House,RepHerrell,1344416719260016641
Republican,John Rose,House,RepRosendale,1344751420139040783
Republican,Richard Burr,Senate,SenatorBurr,21157904
Republican,Rick Scott,Senate,SenRickScott,131546062
Democratic,John B. Larson,House,RepJohnLarson,50452197
Republican,Frank Lucas,House,RepFrankLucas,242772524
Democratic,Ed Case,House,RepEdCase,1081350574589833221
Republican,Jake LaTurner,House,RepLaTurner,1345850704800468993
Democratic,Nikema Williams,House,NikemaWilliams,36424664
Republican,Michael Guest,House,RepMichaelGuest,1081243468327018496
Democratic,Mike Levin,House,RepMikeLevin,1072134139560620033
Republican,Michelle Steel,House,RepSteel,1343740146630451200
Democratic,Gary Peters,Senate,SenGaryPeters,236511574
Democratic,Cheri Bustos,House,RepCheri,1092979962
Democratic,Andy Levin,House,RepAndyLevin,1080277407867772930
Democratic,Terri Sewell,House,RepTerriSewell,381152398
Republican,John Boozman,Senate,JohnBoozman,5558312
Republican,Michael McCaul,House,RepMcCaul,26424123
Republican,Tom McClintock,House,RepMcClintock,50152441
Republican,Ken Calvert,House,KenCalvert,22545491
Republican,Andy Harris,House,RepAndyHarrisMD,960962340
Republican,Barry Loudermilk,House,RepLoudermilk,2914163523
Republican,Carlos Giménez,House,RepCarlos,1343679195034103808
Democratic,Antonio Delgado,House,Repdelgado,1080485692298444800
Republican,Hal Rogers,House,RepHalRogers,550401754
Republican,Gary Palmer,House,USRepGaryPalmer,2861616083
Republican,Mary Miller,House,RepMaryMiller,1343656635907125250
Democratic,Jeanne Shaheen,Senate,SenatorShaheen,109287731
Democratic,Mikie Sherrill,House,RepSherrill,1080569698536878081
Democratic,Jamaal Bowman,House,RepBowman,1344389506963808264
Democratic,Salud Carbajal,House,RepCarbajal,816157667882373120
Democratic,Ro Khanna,House,RepRoKhanna,816298918468259841
Democratic,Joe Courtney,House,RepJoeCourtney,85396297
Democratic,Gwen Moore,House,RepGwenMoore,22669526
Republican,Kevin Cramer,Senate,SenKevinCramer,1048784496
Republican,Mike Braun,Senate,SenatorBraun,1080870981877534720
Democratic,Mike Doyle,House,USRepMikeDoyle,39249305
Democratic,David Trone,House,RepDavidTrone,1080573351914061825
Democratic,Jim Himes,House,Jahimes,31611298
Republican,Randy Weber,House,TXRandy14,1058051748
Democratic,Maxine Waters,House,RepMaxineWaters,36686040
Democratic,Chris Coons,Senate,ChrisCoons,15324851
Democratic,Mondaire Jones,House,MondaireJones,872143958847045632
Republican,John Curtis,House,RepJohnCurtis,931614483050414080
Democratic,Doris Matsui,House,DorisMatsui,38254095
Republican,Jim Baird,House,RepJimBaird,1086316494450032640
Democratic,Adam Smith,House,RepAdamSmith,58928690
Democratic,Jamie Raskin,House,RepRaskin,806906355214852096
Democratic,Raul Ruiz,House,RepRaulRuizMD,1089859058
Democratic,Lois Frankel,House,RepLoisFrankel,1077121945
Republican,Kay Granger,House,RepKayGranger,161743731
Republican,Kevin McCarthy,House,GOPLeader,19739126
Democratic,Jason Crow,House,RepJasonCrow,1080191866509901826
Republican,Mike Crapo,Senate,MikeCrapo,600463589
Democratic,André Carson,House,RepAndreCarson,199325935
Republican,Mike Johnson,House,RepMikeJohnson,827279765287559171
Republican,Bob Gibbs,House,RepBobGibbs,234822928
Republican,Chip Roy,House,RepChipRoy,1082790600292925440
Republican,Sam Graves,House,RepSamGraves,29766367
Democratic,Ted Deutch,House,RepTedDeutch,137794015
Democratic,G. K. Butterfield,House,GKButterfield,432676344
Republican,Marjorie Taylor Greene,House,RepMTG,1344356576786866176
Democratic,Matt Cartwright,House,RepCartwright,776664410
Republican,Russ Fulcher,House,RepRussFulcher,1078741899572240384
Republican,Larry Bucshon,House,RepLarryBucshon,234812598
Democratic,Gregory Meeks,House,RepGregoryMeeks,22812754
Democratic,Chris Pappas,House,ChrisPappasNH,574799823
Republican,Andy Barr,House,RepAndyBarr,1089334250
Democratic,Zoe Lofgren,House,RepZoeLofgren,267938462
Democratic,Ted Lieu,House,RepTedLieu,3044993235
Democratic,Tim Kaine,Senate,Timkaine,172858784
Democratic,Greg Stanton,House,RepGregStanton,1080885078425784320
Republican,Pat Toomey,Senate,SenToomey,221162525
Democratic,Don Beyer,House,RepDonBeyer,2962868158
Democratic,Kathy Manning,House,RepKManning,1337115670161608712
Democratic,Ritchie Torres,House,RitchieTorres,1247612029
Democratic,Andy Kim,House,AndyKimNJ,24215154
Republican,Ron Johnson,Senate,SenRonJohnson,233737858
Republican,Lauren Boebert,House,RepBoebert,1342989756611907584
Democratic,Ron Wyden,Senate,RonWyden,250188760
Republican,Jerry Moran,Senate,JerryMoran,18632666
Republican,Tim Walberg,House,RepWalberg,237862972
Republican,Mike Carey,House,RepMikeCarey,1457745193197780993
Democratic,Anna Eshoo,House,RepAnnaEshoo,249348006
Democratic,Tammy Baldwin,Senate,SenatorBaldwin,1074518754
Democratic,Karen Bass,House,RepKarenBass,239949176
Republican,Mike Simpson,House,CongMikeSimpson,76132891
Republican,Dan Crenshaw,House,RepDanCrenshaw,1080894931311431682
Democratic,"Jesús ""Chuy"" García",House,ChuyForCongress,2847603597
Democratic,Raja Krishnamoorthi,House,RajaForCongress,62649021
Republican,Lee Zeldin,House,RepLeeZeldin,2750127259
Democratic,Tina Smith,Senate,SenTinaSmith,941000686275387392
Republican,Roger Marshall,Senate,RogerMarshallMD,1240107944
Democratic,Carolyn Bourdeaux,House,RepBourdeaux,1343620645452595200
Republican,Dusty Johnson,House,RepDustyJohnson,1074782372594413569
Democratic,Steny Hoyer,House,LeaderHoyer,22012091
Republican,Cindy Hyde-Smith,Senate,SenHydeSmith,983348251972816896
Republican,Deb Fischer,Senate,SenatorFischer,1071402577
Democratic,Dina Titus,House,Repdinatitus,122174004
Republican,Buddy Carter,House,RepBuddyCarter,2973870195
Democratic,Donald Payne Jr.,House,DonaldPayneJr,571909015
Republican,Mike Bost,House,RepBost,2964877294
Democratic,Kai Kahele,House,RepKahele,1351966874377056257
Republican,Jack Bergman,House,RepJackBergman,815241612154417152
Democratic,David Cicilline,House,RepCicilline,462143773
Republican,Julia Letlow,House,RepJuliaLetlow,1382395679700439041
Republican,Virginia Foxx,House,Virginiafoxx,16256269
Republican,Brian Mast,House,RepBrianMast,814103950404239360
Democratic,Josh Harder,House,RepJoshHarder,1080851152151953410
Republican,Vicky Hartzler,House,RepHartzler,237763317
Democratic,Susan Wild,House,RepSusanWild,1069636653353000962
Republican,Jake Ellzey,House,RepEllzey,1366523868253458437
Republican,Anthony Gonzalez,House,RepAGonzalez,1054381765224210432
Republican,Jay Obernolte,House,JayObernolte,272482466
Democratic,Dick Durbin,Senate,SenatorDurbin,247334603
Democratic,Alan Lowenthal,House,RepLowenthal,1055730738
Republican,Scott DesJarlais,House,DesJarlaisTN04,235312723
Democratic,Adam Schiff,House,RepAdamSchiff,29501253
Republican,Maria Elvira Salazar,House,MaElviraSalazar,40282700
Republican,Mo Brooks,House,RepMoBrooks,237299871
Democratic,Teresa Leger Fernandez,House,RepTeresaLF,1345147845926670337
Democratic,Bill Keating,House,USRepKeating,232992031
Democratic,Diana DeGette,House,RepDianaDeGette,28599820
Republican,John Thune,Senate,SenJohnThune,296361085
Democratic,Lizzie Pannill Fletcher,House,RepFletcher,1075904377221722113
Republican,Byron Donalds,House,RepDonaldsPress,1343968646050283522
Republican,Jim Banks,House,RepJimBanks,816131319033950208
Republican,Tracey Mann,House,RepMann,1345825008887721986
Democratic,Sharice Davids,House,RepDavids,1080516116395499522
Republican,Austin Scott,House,AustinScottGA08,234797704
Republican,Dan Bishop,House,RepDanBishop,1176522535531360257
Republican,Chuck Fleischmann,House,RepChuck,235190657
Republican,Mitt Romney,Senate,SenatorRomney,1078693601356509184
Democratic,Yvette Clarke,House,RepYvetteClarke,240812994
Republican,Matt Gaetz,House,RepMattGaetz,818948638890217473
Democratic,Jackie Speier,House,RepSpeier,24913074
Democratic,Judy Chu,House,RepJudyChu,193732179
Republican,Jeff Duncan,House,RepJeffDuncan,240393970
Republican,Lisa Murkowski,Senate,lisamurkowski,18061669
Republican,Bill Hagerty,Senate,SenatorHagerty,1346873610875654147
Democratic,Marilyn Strickland,House,RepStricklandWA,1343646545955213312
Democratic,Jimmy Panetta,House,RepJimmyPanetta,796736612554117120
Democratic,Juan Vargas,House,RepJuanVargas,1260172386
Republican,Marco Rubio,Senate,SenRubioPress,229966028
Republican,Blake Moore,House,RepBlakeMoore,1337452596093587462
Republican,Kat Cammack,House,RepKatCammack,1344325638983987201
Republican,Adam Kinzinger,House,RepKinzinger,219429281
Democratic,Kim Schrier,House,RepKimSchrier,1080462532815532032
Republican,Brian Babin,House,RepBrianBabin,2929491549
Democratic,Cory Booker,Senate,SenBooker,2167097881
Democratic,Seth Moulton,House,RepMoulton,3091316093
Democratic,Jon Ossoff,Senate,SenOssoff,1356714265894408196
Republican,David Joyce,House,RepDaveJoyce,976969338
Democratic,Derek Kilmer,House,RepDerekKilmer,1058917562
Democratic,Bennie Thompson,House,BennieGThompson,82453460
Democratic,Bill Pascrell,House,BillPascrell,74508260
Republican,Chuck Grassley,Senate,ChuckGrassley,10615232
Republican,Roger Williams,House,RepRWilliams,1077446982
Democratic,Raphael Warnock,Senate,SenatorWarnock,1352287997853622273
Democratic,Albio Sires,House,RepSires,18696134
Republican,Mike Gallagher,House,RepGallagher,815966620300480514
Democratic,Mark Takano,House,RepMarkTakano,1037321378
Democratic,Chrissy Houlahan,House,RepHoulahan,1052896620797460481
Democratic,Amy Klobuchar,Senate,SenAmyKlobuchar,22044727
Democratic,Elissa Slotkin,House,RepSlotkin,1078401427347857408
Democratic,Dianne Feinstein,Senate,SenFeinstein,476256944
Republican,Elise Stefanik,House,RepStefanik,2962813893
Republican,Mark Amodei,House,MarkAmodeiNV2,402719755
Republican,Jason Smith,House,JasonSmith014,1110153360
Republican,Thom Tillis,Senate,SenThomTillis,2964174789
Republican,Diana Harshbarger,House,RepHarshbarger,1345787285179162624
Republican,Tommy Tuberville,Senate,SenTuberville,1345739193721487362
Democratic,Debbie Wasserman Schultz,House,RepDWStweets,1140648348
Republican,Lisa McClain,House,RepLisaMcClain,1344032292432437248
